{
  "attributes": [{
    "id": {
      "attributeType": "POINT"
    },
    "values": [{
      "datum": {
        "point": {
          "latE7": 499980801,
          "lngE7": 198989040
        }
      }
    }]
  }, {
    "id": {
      "attributeType": "BUSINESS_EXISTENCE"
    },
    "values": [{
      "datum": {
        "businessExistence": {
          "businessState": "OPEN"
        }
      }
    }]
  }, {
    "id": {
      "attributeType": "CLOSURE"
    },
    "values": [{
      "datum": {
        "closure": {
          "type": "NOT_CLOSED"
        }
      }
    }]
  }, {
    "id": {
      "attributeType": "REGULAR_HOURS"
    },
    "values": [{
      "datum": {
        "regularHours": {
          "periods": [{
            "startDay": "MONDAY",
            "openTime": {
              "hours": 6,
              "minutes": 30
            },
            "endDay": "MONDAY",
            "closeTime": {
              "hours": 17,
              "minutes": 30
            }
          }, {
            "startDay": "TUESDAY",
            "openTime": {
              "hours": 6,
              "minutes": 30
            },
            "endDay": "TUESDAY",
            "closeTime": {
              "hours": 17,
              "minutes": 30
            }
          }, {
            "startDay": "WEDNESDAY",
            "openTime": {
              "hours": 6,
              "minutes": 30
            },
            "endDay": "WEDNESDAY",
            "closeTime": {
              "hours": 17,
              "minutes": 30
            }
          }, {
            "startDay": "THURSDAY",
            "openTime": {
              "hours": 6,
              "minutes": 30
            },
            "endDay": "THURSDAY",
            "closeTime": {
              "hours": 17,
              "minutes": 30
            }
          }, {
            "startDay": "FRIDAY",
            "openTime": {
              "hours": 6,
              "minutes": 30
            },
            "endDay": "FRIDAY",
            "closeTime": {
              "hours": 17,
              "minutes": 30
            }
          }]
        }
      }
    }]
  }, {
    "id": {
      "attributeType": "SCALABLE_BOOLEAN",
      "scalableAttributeExternalId": "is_owned_by_women"
    }
  }, {
    "id": {
      "attributeType": "SERVICE_AREA"
    }
  }, {
    "id": {
      "attributeType": "SIGNUP_REGION"
    },
    "values": [{
      "datum": {
        "signupRegion": {
          "regionCode": "PL"
        }
      }
    }]
  }, {
    "id": {
      "attributeType": "GEOSTORE_PRICE_INFO"
    }
  }, {
    "id": {
      "attributeType": "PLACE_ACTION",
      "scalableAttributeExternalId": "url_appointment"
    }
  }, {
    "id": {
      "attributeType": "OPENING_DATE"
    }
  }, {
    "id": {
      "attributeType": "EXCEPTIONAL_HOURS"
    }
  }, {
    "id": {
      "attributeType": "MERCHANT_DESCRIPTION"
    }
  }, {
    "id": {
      "attributeType": "VANITY_DATA"
    }
  }, {
    "id": {
      "attributeType": "FOOD_ORDERING_MERCHANT_PREFERENCE"
    }
  }, {
    "id": {
      "attributeType": "ACCEPTS_QUOTE_REQUESTS"
    }
  }, {
    "id": {
      "attributeType": "DISALLOW_PHONE_NUMBER_EDITS"
    }
  }, {
    "id": {
      "attributeType": "CALL_TRACKING"
    }
  }, {
    "id": {
      "attributeType": "ACCEPTS_SERVICE_REQUESTS"
    }
  }, {
    "id": {
      "attributeType": "QBC_PRODUCT_TYPE"
    }
  }, {
    "id": {
      "attributeType": "LABEL"
    }
  }, {
    "id": {
      "attributeType": "STORE_CODE"
    }
  }, {
    "id": {
      "attributeType": "GOOGLE_ADS_EXTENSION"
    }
  }, {
    "id": {
      "attributeType": "ASSISTANT_CALLS_SETTING"
    }
  }, {
    "id": {
      "attributeType": "CHAIN_SELF_IDENTIFICATION"
    }
  }, {
    "id": {
      "attributeType": "ADMIN_ROLE_CLAIM"
    }
  }, {
    "id": {
      "attributeType": "MESSAGING_METADATA"
    },
    "values": [{
      "datum": {
        "annotation": {
          "payload": {
          }
        }
      }
    }]
  }, {
    "id": {
      "attributeType": "GLS_ACCOUNT_STATE"
    }
  }, {
    "id": {
      "attributeType": "NOREN_QR_CODE_ORDER"
    }
  }]
}