{
  "reviews": [{
    "reviewer": {
      "displayName": "Kamila"
    },
    "starRating": "FIVE",
    "comment": "Polecam każdemu, kto jest niezdecydowany. Kameralna placówka ze wspanialymi ciociami, które naprawdę dbają o maluchy. Szeroki wachlarz zajęć przygotowywanych przez ciocie, jak i dodatkowych, które nie są dodatkowo płatne - rytmika, dogoterapia, gordonki, j. angielski. Jestem wdzięczna za pomoc w adaptacji mojego syna, za codzienną profesjonalną opiekę i wkład cioć w jego rozwój (a jest on bardzo widoczny) Mój syn codziennie chętnie i z uśmiechem idzie do żlobka. Polecam z całego serca 😊\n\n(Translated by Google)\nI recommend it to anyone who is undecided. A cozy facility with wonderful aunts who really care about the little ones. A wide range of classes prepared by the aunts, as well as additional classes that are not additionally paid - rhythmics, dog therapy, Gordon dance classes, English. I am grateful for the help in my son\u0027s adaptation, for the daily professional care and the contribution of his aunts to his development (which is very visible). My son goes to nursery willingly and with a smile every day. I recommend it wholeheartedly 😊",
    "createTime": "2024-02-08T07:01:56.283994Z",
    "updateTime": "2024-02-08T07:04:23.677110Z",
    "name": "accounts/106041582264069719337/locations/3888347293782126312/reviews/ChZDSUhNMG9nS0VJQ0FnSUR0ajVxeUtREAE"
  }, {
    "reviewer": {
      "displayName": "Aleksandra Piskorz"
    },
    "starRating": "FIVE",
    "comment": "Fantastyczne miejsce, fantastyczni ludzie. Nie zawiedli mnie nigdy. Podali pomocną dłoń, gdy inny żłobek na Klinach nas wystawił. Córka uwielbia to miejsce, panie i dzieci. Polecam niezdecydowanym 😁\n\n(Translated by Google)\nFantastic place, fantastic people. They have never let me down. They gave us a helping hand when another nursery in Kliny helped us. Daughter loves this place, ladies and children. I recommend it to those who are undecided 😁",
    "createTime": "2024-01-30T11:14:26.656631Z",
    "updateTime": "2024-01-30T11:14:26.656631Z",
    "name": "accounts/106041582264069719337/locations/3888347293782126312/reviews/ChdDSUhNMG9nS0VJQ0FnSUN0N3NQbGt3RRAB"
  }, {
    "reviewer": {
      "displayName": "Paulina Bartłomiejczak"
    },
    "starRating": "FIVE",
    "comment": "Gorąco polecam mój syn chodził tam rok i był bardzo zadowolony, uwielbiał chodzić do żłobka a ciocie cudowne podejście do dzieci fantastyczne ☺\n\n(Translated by Google)\nI highly recommend it, my son went there for a year and was very happy, he loved going to the nursery and the aunts had a wonderful attitude towards children, fantastic ☺",
    "createTime": "2023-08-31T12:41:26.915355Z",
    "updateTime": "2023-08-31T12:41:26.915355Z",
    "name": "accounts/106041582264069719337/locations/3888347293782126312/reviews/ChZDSUhNMG9nS0VJQ0FnSURwai1xWlhnEAE"
  }, {
    "reviewer": {
      "displayName": "Monika Rosa"
    },
    "starRating": "ONE",
    "comment": "Nie wiem co się dzieje w tym żłobku, ale dzieci płaczą tam od rana do popołudnia, moja sypialnia jest niedaleko tego miejsca. Moje dziecko samo się zastanawia co tam się dzieje…Może rodzice posyłając tam dziecko powinni się zainteresować co jest tego przyczyną….\n\n(Translated by Google)\nI don\u0027t know what\u0027s going on in this nursery, but babies cry there from morning to afternoon, my bedroom is close to this place. My child wonders what is going on there... Maybe parents who send their child there should be interested in what is the reason for it...",
    "createTime": "2023-08-25T19:00:35.231255Z",
    "updateTime": "2023-08-25T19:00:35.231255Z",
    "name": "accounts/106041582264069719337/locations/3888347293782126312/reviews/ChdDSUhNMG9nS0VJQ0FnSURwcGJPODZRRRAB"
  }, {
    "reviewer": {
      "displayName": "Monika Szlapa"
    },
    "starRating": "FIVE",
    "comment": "Wspaniałe miejsce. Dziecko świetnie się tu rozwija. Ciocie zapewniają wiele różnorodnych atrakcji i zabaw. Zawszę gdy zapytam dostaję wyczerpującą informację jak dziecku minął dzień: Czy miało apatyt, humor, czy rozrabiało? ;)\nPolecam z całego serca \u003c3\n\n(Translated by Google)\nA wonderful place. The child develops great here. The aunts provide many different attractions and games. Whenever I ask, I receive comprehensive information about the child\u0027s day: Was he apathetic, in a mood, or was he making a fuss? ;)\nI recommend it wholeheartedly \u003c3",
    "createTime": "2022-04-25T14:28:04.507706Z",
    "updateTime": "2022-04-25T14:28:04.507706Z",
    "name": "accounts/106041582264069719337/locations/3888347293782126312/reviews/ChZDSUhNMG9nS0VJQ0FnSUMydWVHUWZREAE"
  }, {
    "reviewer": {
      "displayName": "Katarzyna Kołacz"
    },
    "starRating": "FIVE",
    "comment": "Polecam!\n\n(Translated by Google)\nI recommend!",
    "createTime": "2021-03-11T16:01:24.902739Z",
    "updateTime": "2021-03-11T16:01:24.902739Z",
    "name": "accounts/106041582264069719337/locations/3888347293782126312/reviews/ChdDSUhNMG9nS0VJQ0FnSUR5aWZLZzRnRRAB"
  }, {
    "reviewer": {
      "displayName": "S G"
    },
    "starRating": "FIVE",
    "comment": "Polecam.\n\n(Translated by Google)\nI recommend.",
    "createTime": "2021-03-11T13:38:59.205754Z",
    "updateTime": "2021-03-11T13:39:02.695142Z",
    "name": "accounts/106041582264069719337/locations/3888347293782126312/reviews/ChZDSUhNMG9nS0VJQ0FnSUR5OGZPVEFREAE"
  }, {
    "reviewer": {
      "displayName": "Jakub Kołacz"
    },
    "starRating": "FIVE",
    "comment": "Cudowne miejsce, dzieci wracaja z placzem do domu, poniewaz chca zostac tam dluzej :)\n\n(Translated by Google)\nA wonderful place, children come home crying because they want to stay there longer :)",
    "createTime": "2021-03-11T13:09:17.099991Z",
    "updateTime": "2021-03-11T13:09:17.099991Z",
    "name": "accounts/106041582264069719337/locations/3888347293782126312/reviews/ChdDSUhNMG9nS0VJQ0FnSUR5OGUzWjdnRRAB"
  }, {
    "reviewer": {
      "displayName": "Adam Krawczyk"
    },
    "starRating": "FIVE",
    "comment": "Moje dziecko uczęszcza do żłobka już ponad pół roku i jest mega zachwycone, szeroka gamma atrakcji w przystępnej cenie, polecam\n\n(Translated by Google)\nMy child has been attending the nursery for over half a year and is extremely delighted, a wide range of attractions at an affordable price, I recommend it",
    "createTime": "2018-04-30T13:08:03.955Z",
    "updateTime": "2018-04-30T13:08:03.955Z",
    "name": "accounts/106041582264069719337/locations/3888347293782126312/reviews/ChdDSUhNMG9nS0VJQ0FnSUN3emFtdV93RRAB"
  }]
}