{
  "attributes": [{
    "id": {
      "attributeType": "LISTING_NAME"
    },
    "values": [{
      "datum": {
        "listingName": {
          "text": "Żłobek Nowa Huta - Ence Pence"
        }
      }
    }]
  }, {
    "id": {
      "attributeType": "POINT"
    },
    "values": [{
      "datum": {
        "point": {
          "latE7": 500703199,
          "lngE7": 200392060
        }
      }
    }]
  }, {
    "id": {
      "attributeType": "PHONE_NUMBER"
    },
    "values": [{
      "datum": {
        "phoneNumber": {
          "phoneNumber": "739 048 513",
          "metadata": {
            "isPreferred": true
          },
          "phoneType": "VOICE"
        }
      }
    }]
  }, {
    "id": {
      "attributeType": "ADDRESS"
    },
    "values": [{
      "datum": {
        "address": {
          "postalAddress": {
            "regionCode": "PL",
            "languageCode": "pl",
            "postalCode": "31-934",
            "locality": "Kraków",
            "addressLines": ["Osiedle Centrum E 14"]
          }
        }
      }
    }]
  }, {
    "id": {
      "attributeType": "CATEGORY"
    },
    "values": [{
      "datum": {
        "category": {
          "gcid": "gcid:kindergarten",
          "metadata": {
            "isPrimary": true
          },
          "localizedName": "Przedszkole"
        }
      }
    }]
  }, {
    "id": {
      "attributeType": "WEBSITE"
    },
    "values": [{
      "datum": {
        "website": {
          "text": "http://zlobeknowahuta.pl/"
        }
      }
    }]
  }, {
    "id": {
      "attributeType": "BUSINESS_EXISTENCE"
    },
    "values": [{
      "datum": {
        "businessExistence": {
          "businessState": "OPEN"
        }
      }
    }]
  }, {
    "id": {
      "attributeType": "CLOSURE"
    },
    "values": [{
      "datum": {
        "closure": {
          "type": "NOT_CLOSED"
        }
      }
    }]
  }, {
    "id": {
      "attributeType": "REGULAR_HOURS"
    }
  }, {
    "id": {
      "attributeType": "SERVICE_AREA"
    }
  }, {
    "id": {
      "attributeType": "SIGNUP_REGION"
    },
    "values": [{
      "datum": {
        "signupRegion": {
          "regionCode": "PL"
        }
      }
    }]
  }, {
    "id": {
      "attributeType": "OPENING_DATE"
    }
  }, {
    "id": {
      "attributeType": "EXCEPTIONAL_HOURS"
    }
  }, {
    "id": {
      "attributeType": "MERCHANT_DESCRIPTION"
    }
  }, {
    "id": {
      "attributeType": "VANITY_DATA"
    }
  }, {
    "id": {
      "attributeType": "GEOSTORE_PRICE_INFO"
    }
  }, {
    "id": {
      "attributeType": "FOOD_ORDERING_MERCHANT_PREFERENCE"
    }
  }, {
    "id": {
      "attributeType": "ACCEPTS_QUOTE_REQUESTS"
    }
  }, {
    "id": {
      "attributeType": "DISALLOW_PHONE_NUMBER_EDITS"
    }
  }, {
    "id": {
      "attributeType": "CALL_TRACKING"
    }
  }, {
    "id": {
      "attributeType": "ACCEPTS_SERVICE_REQUESTS"
    }
  }, {
    "id": {
      "attributeType": "QBC_PRODUCT_TYPE"
    }
  }, {
    "id": {
      "attributeType": "LABEL"
    }
  }, {
    "id": {
      "attributeType": "STORE_CODE"
    },
    "values": [{
      "datum": {
        "storeCode": {
          "text": "14746918938182025076"
        }
      }
    }]
  }, {
    "id": {
      "attributeType": "GOOGLE_ADS_EXTENSION"
    }
  }, {
    "id": {
      "attributeType": "ASSISTANT_CALLS_SETTING"
    }
  }, {
    "id": {
      "attributeType": "CHAIN_SELF_IDENTIFICATION"
    }
  }, {
    "id": {
      "attributeType": "ADMIN_ROLE_CLAIM"
    }
  }, {
    "id": {
      "attributeType": "MESSAGING_METADATA"
    }
  }, {
    "id": {
      "attributeType": "GLS_ACCOUNT_STATE"
    }
  }, {
    "id": {
      "attributeType": "NOREN_QR_CODE_ORDER"
    }
  }]
}