{
  "name": "locations/5304802972997445689",
  "languageCode": "pl",
  "storeCode": "14746918938182025076",
  "title": "Żłobek Nowa Huta - Ence Pence",
  "phoneNumbers": {
    "primaryPhone": "739 048 513"
  },
  "categories": {
    "primaryCategory": {
      "name": "categories/gcid:kindergarten",
      "displayName": "Przedszkole",
      "moreHoursTypes": [{
        "hoursTypeId": "ACCESS",
        "displayName": "Access",
        "localizedDisplayName": "Dostęp"
      }, {
        "hoursTypeId": "BREAKFAST",
        "displayName": "Breakfast",
        "localizedDisplayName": "Śniadanie"
      }, {
        "hoursTypeId": "BRUNCH",
        "displayName": "Brunch",
        "localizedDisplayName": "Późne śniadania"
      }, {
        "hoursTypeId": "DELIVERY",
        "displayName": "Delivery",
        "localizedDisplayName": "Dostawa"
      }, {
        "hoursTypeId": "DINNER",
        "displayName": "Dinner",
        "localizedDisplayName": "Kolacja"
      }, {
        "hoursTypeId": "DRIVE_THROUGH",
        "displayName": "Drive through",
        "localizedDisplayName": "Obsługa zmotoryzowanych"
      }, {
        "hoursTypeId": "HAPPY_HOUR",
        "displayName": "Happy hours",
        "localizedDisplayName": "Niższe ceny"
      }, {
        "hoursTypeId": "KITCHEN",
        "displayName": "Kitchen",
        "localizedDisplayName": "Kuchnia"
      }, {
        "hoursTypeId": "LUNCH",
        "displayName": "Lunch",
        "localizedDisplayName": "Obiad"
      }, {
        "hoursTypeId": "ONLINE_SERVICE_HOURS",
        "displayName": "Online service hours",
        "localizedDisplayName": "Godziny pracy online"
      }, {
        "hoursTypeId": "PICKUP",
        "displayName": "Pickup",
        "localizedDisplayName": "Odbiór"
      }, {
        "hoursTypeId": "TAKEOUT",
        "displayName": "Takeout",
        "localizedDisplayName": "Na wynos"
      }, {
        "hoursTypeId": "SENIOR_HOURS",
        "displayName": "Senior hours",
        "localizedDisplayName": "Godziny dla seniora"
      }]
    }
  },
  "storefrontAddress": {
    "regionCode": "PL",
    "languageCode": "pl",
    "postalCode": "31-934",
    "locality": "Kraków",
    "addressLines": ["Osiedle Centrum E 14"]
  },
  "websiteUri": "http://zlobeknowahuta.pl/",
  "regularHours": {
  },
  "specialHours": {
  },
  "serviceArea": {
  },
  "adWordsLocationExtensions": {
  },
  "latlng": {
    "latitude": 50.0703199,
    "longitude": 20.039206
  },
  "openInfo": {
    "status": "OPEN",
    "canReopen": true
  },
  "metadata": {
    "placeId": "ChIJu49b0aJFFkcRHqsdL4hbReQ"
  },
  "profile": {
  },
  "relationshipData": {
    "parentLocation": {
    }
  }
}