{
  "reviews": [{
    "reviewer": {
      "displayName": "Anna Nurek"
    },
    "starRating": "ONE",
    "comment": "Nie polecam. W sierpniu powiedziano mi, że są miejsca w żłobku więc mogę złożyć kartę zgłoszenia. Dzieci przyjmują po ukończeniu roczku więc możemy zacząć od grudnia i pani dyrektor zadzwoni do nas w listopadzie żeby podpisać umowę. Czekałam na kontakt, ale połowa listopada i nic, dzwonię i okazuję się że miejsc już nie ma i następne zapisy od września przyszłego roku. Byłam przekonana że mam zagwarantowane miejsce, mam wracać do pracy, a teraz problem co zrobić z dzieckiem. Mega nieprofesjonalne podejście ze strony placówki.\n\n(Translated by Google)\nI don\u0027t recommend it. In August I was told that there were places in the nursery so I could submit an application form. Children are accepted after they turn one year old, so we can start in December and the director will call us in November to sign the contract. I was waiting for contact, but mid-November and nothing. I called and it turned out that there were no more places and the next registrations would be from September next year. I was convinced that I had a guaranteed place, I had to go back to work, and now the problem was what to do with the child. Extremely unprofessional approach from the facility.",
    "createTime": "2022-11-15T10:21:10.597467Z",
    "updateTime": "2024-12-29T06:52:00.051001Z",
    "reviewReply": {
      "comment": "Szanowna Pani,\n\nZ przykrością czytamy o Pani doświadczeniu, jednak pragniemy zaznaczyć, że sytuacja, którą Pani opisuje, nie miała miejsca w naszej placówce. Co więcej, w naszym żłobku były i są nadal dostępne miejsca. Możliwe, że doszło do pomyłki i sprawa dotyczy innego żłobka.\n\nRozumiemy, że sytuacja może być dla Pani stresująca, dlatego prosimy o kontakt z nami. Chętnie pomożemy wyjaśnić tę sprawę i znajdziemy najlepsze rozwiązanie.\n\nPozdrawiamy,\nZespół Żłobka Ence Pence",
      "updateTime": "2025-01-20T16:43:26.716668Z"
    },
    "name": "accounts/106041582264069719337/locations/5304802972997445689/reviews/ChdDSUhNMG9nS0VJQ0FnSUMtcDY3ZDlBRRAB"
  }, {
    "reviewer": {
      "displayName": "S G"
    },
    "starRating": "FIVE",
    "comment": "Polecam, dobrze przygotowane miejsce dla dzieci.\n\n(Translated by Google)\nI recommend it, a well-prepared place for children.",
    "createTime": "2024-11-13T08:05:03.212243Z",
    "updateTime": "2024-11-13T08:05:03.212243Z",
    "name": "accounts/106041582264069719337/locations/5304802972997445689/reviews/ChZDSUhNMG9nS0VJQ0FnSUQzX01EMWVREAE"
  }, {
    "reviewer": {
      "displayName": "Dawid Lachor"
    },
    "starRating": "FIVE",
    "createTime": "2024-10-30T10:40:07.051054Z",
    "updateTime": "2024-10-30T10:40:07.051054Z",
    "name": "accounts/106041582264069719337/locations/5304802972997445689/reviews/ChdDSUhNMG9nS0VJQ0FnSURYdmVpdGlBRRAB"
  }, {
    "reviewer": {
      "displayName": "Michał Kołacz"
    },
    "starRating": "FIVE",
    "createTime": "2024-10-11T20:38:24.616659Z",
    "updateTime": "2024-10-11T20:38:24.616659Z",
    "name": "accounts/106041582264069719337/locations/5304802972997445689/reviews/ChZDSUhNMG9nS0VJQ0FnSURubjluckJREAE"
  }, {
    "reviewer": {
      "displayName": "Ala Wyżga-Szatkowska"
    },
    "starRating": "TWO",
    "comment": "Niestety nie mogę polecić tego żłobka nikomu, komu zależy na profesjonalnym podejściu do opieki nad dzieckiem. Warunki lokalowe są średnie. Dzieci, wymieszane wiekowo, są wszystkie w jednej sali. Mały i ciemny korytarz nie pozwala na zostawienie większej ilości wózków (ciekawe, że na zdjęciach wygląda na o wiele większy i bardziej przestronny).\n\nDla mnie, jako rodzica, najgorszy jednak jest brak kontaktu. Dodzwonienie się do żłobka grankczy z cudem. Na wiadomości nie ma odpowiedzi. Papiery składaliśmy w listopadzie, miał być kontakt, był... w maju.\nMiała być adaptacja pod koniec sierpnia, jest dzisiaj 21.08, nie dostałam na ten temat żadnej informacji. Nie dostałam też żadnej odpowiedzi na moją wiadomość z prośba o skreślenie syna z listy. Dodatkowo syn jest alergikiem, o czym poinformowałam przy podpisywaniu umowy, ale nikogo nie zainteresowalo to, na co jest uczulony i jakich produktów nie może jeść (a tak naprawdę lada moment powinien zacząć adaptację). To wszystko zebrane razem dla mnie pokazuje po prostu brak profesjonalizmu. Oddzwonienie czy odpisanie na smsa nie jest wielkim wyczynem.\n\nDodam tylko jeszcze, że cena za miesiąc podana na formularzu zgłoszenia dziecka i chyba też na stronie internetowej (z tego co pamietam) rózni się ogromnie od ceny, która finalnie jest podana w umowie podpisywanej z placówką. Bylam na to gotowa, ale nie było to zbyt miłe zaskoczenie.\n\n(Translated by Google)\nUnfortunately, I cannot recommend this nursery to anyone who wants a professional approach to child care. The housing conditions are average. Children of mixed ages are all in one room. The small and dark corridor does not allow for leaving more strollers (interestingly, it looks much larger and more spacious in the photos).\n\nFor me, as a parent, the worst thing is the lack of contact. Getting through to the nursery is almost a miracle. There is no response to messages. We submitted the papers in November, there was supposed to be contact, but there was... in May.\nThe adaptation was supposed to be at the end of August, today is August 21, I have not received any information about it. I also did not receive any response to my message asking to remove my son from the list. Additionally, my son is allergic, which I informed about when signing the contract, but no one was interested in what he was allergic to and what products he couldn\u0027t eat (in fact, he should start adapting any moment now). All this put together to me just shows a lack of professionalism. Returning a call or replying to a text message is not a big feat.\n\nI will only add that the price per month given on the child\u0027s registration form and probably also on the website (from what I remember) differs greatly from the price that is finally given in the contract signed with the facility. I was ready for it, but it wasn\u0027t a very pleasant surprise.",
    "createTime": "2024-08-21T10:32:00.862584Z",
    "updateTime": "2024-08-21T10:32:00.862584Z",
    "name": "accounts/106041582264069719337/locations/5304802972997445689/reviews/ChZDSUhNMG9nS0VJQ0FnSUQ3eEpEVFl3EAE"
  }, {
    "reviewer": {
      "displayName": "Halyna Markova"
    },
    "starRating": "FIVE",
    "createTime": "2023-05-10T06:56:47.722220Z",
    "updateTime": "2023-05-10T06:56:47.722220Z",
    "name": "accounts/106041582264069719337/locations/5304802972997445689/reviews/ChZDSUhNMG9nS0VJQ0FnSUN4dU15YklBEAE"
  }]
}